nbrhd,One_Person_Households,Adults_Non_English_Speaking,Births_to_Teen_Mothers_19_and_under,Births_to_Unwed_Mothers,Births_to_Women_With_Less_Than_12th_Grade_Education,Children_Living_with_Single_Parents,Families_with_Children,Families_without_Children,Foreign_Born,Households,Households_with_Income_more_than_USD_125000,Households_with_Income_less_than_USD_60000,Households_with_Income_USD_60000_to_USD_124999,Housing_Units,Housing_Vacancy,Multi_Family_Units,Overcrowded_housing_units,Persons_Age_25_with_College_Degree_Associates_or_Better,Persons_age_25_with_high_school_only_education,Persons_age_25_with_less_than_12th_grade_education,Persons_age_25_with_some_college_but_no_degree,Persons_in_Poverty,Persons_per_Household,Population_18_24,Population_25_34,Population_35_44,Population_45_54,Population_5_17,Population_55_64,Population_African_American,Population_Asian_per_Pacific_Islander,Population_Latino,Population_Native_American,Population_Non_Latino,Population_Non_Latino_White,Population_Other_Race_Single_Race_Selected,Population_White,Population_of_2_or_More_Races,Population_over_65,Population_under_5,Renters_Spending_More_Than_30Percent_of_Income_on_Housing,Single_Family_Units,Single_Mothers_with_Children_in_Poverty,Total_Population,Unemployed_in_Civilian_Labor_Force,Births_African_American,Births_Asian_per_Pacific_Islander,Births_Latino,Births_Native_American,Births_Non_Latino_White,Births_Other_Race,Crime Incidents
alder-three-sisters-park,374,9,0,0,0,106,444,612,153,1601,491,511,599,1666,65,34,8,1897,405,55,499,296,2.45,263,374,478,756,726,780,11,55,125,0,3802,3681,8,3794,59,468,82,118,1632,21,3927,99,0,0,0,0,27,0,
allendale,964,247,3,11,3,444,970,1040,587,3237,370,1741,1126,3269,32,1338,14,2099,1732,310,1579,821,2.44,638,1624,1009,971,1018,892,276,30,1228,27,6723,6302,100,7291,227,1224,575,904,1931,49,7951,397,0,3,9,0,63,0,
alta-vista-and-memorial-park,924,41,5,14,4,476,785,819,219,2812,351,1449,1012,2876,64,688,0,2043,1159,418,1318,553,2.38,413,1416,826,755,919,945,130,70,853,74,5850,5503,48,6292,89,996,433,445,2179,46,6703,209,3,4,17,0,64,0,
apel-bacher-park-koch-sub-and-coulehan-grange,416,72,0,8,3,130,260,289,189,1019,99,638,282,1101,82,255,11,616,423,235,370,200,2.23,161,506,239,276,289,248,0,21,782,0,1495,1466,26,2097,133,375,183,215,846,21,2277,73,0,0,7,0,22,0,
applewood-echo-hill-rolling-hills-and-meadows,356,8,0,0,0,66,350,715,97,1520,580,453,487,1520,0,50,8,1830,405,89,602,162,2.53,144,493,327,647,560,548,27,77,122,0,3740,3572,57,3637,64,911,232,73,1461,0,3862,88,0,0,4,0,26,0,
arvada-center,471,43,0,8,0,129,374,462,263,1422,148,725,549,1468,46,623,0,801,865,160,659,410,2.35,279,480,365,427,458,400,27,23,573,10,2877,2791,26,3328,36,813,228,163,845,76,3450,178,0,0,6,0,22,0,
athmar-park,764,1116,12,41,29,945,1122,878,2598,3050,246,1873,931,3095,45,407,250,1192,1954,1907,1045,1704,3.01,683,1684,1365,1179,1805,924,104,438,6418,94,2775,2043,771,7480,306,946,607,589,2615,117,9193,220,4,6,106,0,51,8,7600
auraria,15,0,0,0,0,0,0,16,85,43,8,15,20,65,22,38,0,44,16,0,41,8,1.63,711,34,28,4,0,31,21,89,169,0,643,503,10,651,41,4,0,0,27,0,812,46,0,0,0,0,0,0,4832
aurora-highlands-and-side-creek,923,751,9,36,12,1058,1817,1495,2216,4560,530,1920,2110,4878,318,515,101,3330,2363,774,2437,911,2.88,1118,2087,1801,2025,2243,1713,2368,693,3143,35,9975,6595,812,8534,676,1278,853,571,4363,94,13118,584,41,15,49,4,87,13,
baker,1184,333,0,13,8,122,442,545,642,2732,394,1451,887,2950,218,1498,75,2440,799,696,561,1165,2.13,554,1825,950,641,481,616,119,107,1910,49,3961,3470,265,4993,338,464,340,630,1452,19,5871,169,4,0,19,3,48,0,14128
barnum,392,913,14,25,17,896,962,454,1788,1925,69,1381,475,2009,84,177,176,411,1098,1497,713,2014,3.36,783,862,993,880,1655,495,70,0,4816,73,1643,1540,340,5884,92,489,302,561,1832,155,6459,259,3,0,74,3,29,3,6261
barnum-west,335,629,6,19,13,722,747,527,1922,1763,161,1017,585,1869,106,167,101,760,1030,1386,588,1366,3.46,711,788,867,759,1100,742,168,226,4396,201,1697,1261,296,5107,95,608,518,308,1691,127,6093,134,0,0,50,0,18,0,3328
barr-lake-state-park,805,374,4,35,8,790,2405,2090,1185,5558,1624,1307,2627,5829,271,332,36,4720,2862,521,3093,855,3.05,896,2487,2839,2489,3286,2046,449,396,3345,34,13589,12345,459,15057,539,1335,1556,324,5438,62,16934,295,8,14,94,0,170,4,
bear-valley,1050,223,4,32,11,796,1105,1284,709,3693,510,1818,1365,3897,204,1758,75,2333,1698,675,1485,851,2.43,857,1464,1123,1278,1382,938,451,231,3672,287,5313,4338,383,7460,173,1388,555,727,2133,6,8985,271,4,8,54,0,67,6,3493
belcaro,890,0,0,0,0,35,398,789,424,2251,1247,298,706,2460,209,862,0,2957,204,82,446,112,2.04,127,613,751,588,544,657,77,47,211,0,4386,4262,0,4473,0,1080,237,178,1598,0,4597,44,0,0,3,0,37,0,2562
bell-park,640,24,0,0,0,324,803,1186,271,2767,928,1044,795,3068,301,131,21,3130,578,139,1147,470,2.4,295,699,688,1155,1078,1285,42,60,308,11,6344,6216,40,6438,61,1167,285,303,2937,37,6652,262,0,0,0,0,31,0,
benedict-park-central-brighton,820,647,4,30,25,1116,1636,1235,1515,3884,684,1643,1557,3982,98,638,132,2515,2532,852,1821,798,3.07,986,1415,1672,1660,2458,1248,87,169,3918,52,8196,7715,451,11066,289,1725,950,625,2963,130,12114,207,4,0,68,0,52,5,
berkeley,1649,251,3,24,5,339,875,1219,575,4260,1090,1832,1338,4491,231,747,0,4415,972,624,1079,662,2.04,285,1880,1813,1296,699,1072,65,173,2206,72,6531,6150,644,7604,179,1029,663,470,3732,9,8737,274,0,8,20,0,127,0,5125
berrian-mountain,158,3,0,0,0,61,288,530,67,1009,338,334,337,1084,75,0,8,1245,168,36,455,175,2.58,119,156,357,362,491,528,0,11,87,3,2514,2458,8,2532,47,501,87,31,1080,0,2601,98,0,0,0,0,17,0,
big-dry-creek,1159,96,3,39,6,539,887,1578,559,3999,855,1833,1311,4347,348,2553,111,3564,979,382,1621,889,2.23,785,1966,1004,1224,1191,1327,302,405,1499,0,7414,6505,43,7726,437,1025,391,1084,1794,109,8913,484,9,10,29,0,69,0,
boulder-municipal-airport,168,77,0,3,0,80,263,208,189,665,225,257,183,737,72,0,19,822,433,145,301,249,2.71,273,243,448,396,431,334,20,61,404,14,2085,1913,48,2276,70,280,84,36,521,14,2489,55,0,0,6,0,9,0,
bowels-grove-park,499,27,0,7,0,31,475,667,230,1740,475,545,720,1867,127,210,0,1714,483,129,1029,253,2.57,289,667,539,884,654,523,0,85,584,60,3922,3722,19,4261,81,742,208,164,1657,10,4506,87,0,0,6,0,48,0,
capitol-hill,7605,203,0,13,0,301,502,993,1008,10985,735,7272,2978,11550,565,10723,229,9438,1571,502,2281,2630,1.43,1427,7735,2354,1346,417,1334,770,544,1785,136,14086,12319,601,13130,690,1023,235,3654,794,49,15871,601,6,3,8,0,41,0,17457
castle-pines-north,943,13,0,7,0,687,2594,2135,948,5839,3383,1096,1360,6140,301,693,40,8195,783,174,1497,304,2.8,661,1051,2457,3055,4423,2117,161,581,1022,20,15322,14042,83,14851,648,1969,611,318,5381,34,16344,327,3,8,9,0,82,0,
castle-pines-villige-metes-and-bounds,341,0,0,10,0,299,380,423,158,1228,420,602,206,1374,146,752,45,1180,341,56,564,378,2.29,299,430,365,455,590,418,134,82,263,12,2883,2570,41,2764,113,473,116,383,622,44,3146,88,4,0,6,0,20,0,
castlewood-ranch,138,0,0,8,0,294,771,325,157,1315,376,293,646,1315,0,13,37,1318,382,41,620,292,3.09,238,563,645,593,1125,341,0,43,417,0,3645,3543,8,3952,59,219,338,121,1302,27,4062,85,0,3,8,0,50,0,
centennial-airport,3320,435,5,42,8,1513,2811,2327,4288,9463,1877,3834,3752,10199,736,7188,374,9846,1602,690,3178,1818,2.25,1885,5330,4273,2399,3884,1702,1096,3347,3164,96,19105,14289,1310,15741,679,1612,1184,2543,2962,104,22269,552,19,17,41,3,137,9,
central-business,1614,16,0,8,0,0,10,385,321,2456,647,1363,446,3322,866,3275,40,2120,179,124,403,720,1.43,1116,1241,546,403,28,417,236,114,463,15,3520,3037,98,3364,156,219,13,781,47,0,3983,140,0,0,6,0,14,0,19118
central-commerce-city,537,591,15,59,15,1246,3551,1509,1991,5853,1142,1616,3095,6044,191,393,161,4497,3173,1157,3102,668,3.52,1252,3977,3421,2212,4946,1331,385,741,7336,292,13291,11234,439,17450,1320,988,2500,302,5578,25,20627,461,10,18,127,3,185,8,
central-east-aurora,157,120,0,6,11,432,831,559,698,1596,420,537,639,1679,83,39,47,1208,857,251,839,402,3.16,171,673,1097,537,1280,499,410,235,1410,0,3633,2799,847,3302,249,349,437,119,1195,27,5043,209,10,3,32,0,61,3,
central-north-broomfield,559,34,0,5,0,311,1521,1301,775,3440,1580,752,1108,3484,44,191,8,4279,713,176,1286,83,2.84,607,626,1543,1866,2190,1189,86,707,779,87,8991,7831,249,8448,193,1230,519,126,3279,0,9770,180,4,10,7,0,52,0,
central-northglenn,2743,950,23,104,43,2657,2887,2252,2832,8686,609,5225,2852,8865,179,3726,376,4017,4691,2712,4262,3230,2.67,2112,4172,2786,3042,3830,2627,552,793,7947,125,15419,13813,441,20766,689,3055,1742,2563,5033,170,23366,671,11,10,136,3,168,11,
central-south-littleton,597,14,0,4,0,285,698,1203,471,2593,961,747,885,2640,47,317,21,3172,630,165,896,280,2.54,353,601,767,1050,1139,1127,170,79,185,12,6410,6024,41,6165,128,1318,240,193,2209,20,6595,142,0,0,5,0,37,0,
central-west-broomfield,526,138,0,16,0,435,1100,1286,822,3047,982,1101,964,3144,97,370,71,3312,900,151,1316,484,2.71,446,858,1046,1301,1553,1337,115,608,885,13,7372,6465,142,7163,216,1137,579,258,2767,47,8257,271,0,0,13,0,53,0,
chaffee-park,572,543,6,26,10,101,402,444,807,1572,164,876,532,1638,66,205,110,965,819,730,482,387,2.51,292,779,606,494,619,652,73,37,2399,43,1683,1536,281,3507,141,465,175,316,1423,55,4082,194,4,0,39,0,30,3,2616
chambers-heights-and-laredo-highline,313,959,11,48,41,543,731,406,1775,1554,60,1041,453,1652,98,674,217,426,1131,938,625,1315,3.51,564,819,859,741,1188,326,590,194,3830,237,1712,881,1367,2983,171,375,670,505,740,85,5542,266,19,3,81,0,12,8,
charles-whitlock-rec-park-and-morse-park,786,185,3,16,7,445,658,616,632,2355,283,1288,784,2355,0,735,26,1659,693,525,1216,973,2.45,603,902,645,680,1003,923,72,33,1370,140,4696,4393,155,5577,89,943,367,699,1620,80,6066,186,0,0,13,0,41,0,
chautauqua-table-mesa-and-devils-thumb,751,80,0,3,0,179,799,1029,802,2984,1181,919,884,3087,103,409,0,4489,350,30,439,716,2.53,780,947,858,1123,1114,1098,65,399,317,8,7279,6538,96,6732,296,1282,394,414,2655,19,7596,210,0,0,0,0,33,0,
cheesman-park,2912,14,0,12,0,262,331,1041,709,5254,675,2695,1884,5739,485,4981,72,5610,396,236,1430,1163,1.61,438,3167,1164,740,281,1195,310,279,713,65,7890,7111,79,7688,182,1406,212,1367,758,62,8603,320,4,0,4,0,46,0,7451
cherry-creek,2159,121,0,6,0,298,461,1122,836,4145,1772,1610,763,4437,292,2597,0,4393,464,226,566,564,1.61,403,1064,875,866,390,1181,94,208,411,0,6277,5872,49,6113,224,1663,246,911,1823,34,6688,213,0,0,3,0,37,0,5961
cherry-creek-reservoir,1483,111,0,18,8,542,1980,1912,1441,5604,2065,1890,1649,5737,133,1690,67,6859,968,185,1702,622,2.6,1138,1805,1756,2196,3118,2149,859,837,1178,11,13441,11211,235,11995,682,1808,649,681,4047,55,14619,323,10,16,29,0,73,3,
cherry-hills-village-area,245,8,0,0,0,222,943,969,338,2173,1564,376,233,2324,151,19,0,3562,292,29,358,158,2.95,263,121,579,1213,1679,1127,96,213,146,38,6268,5741,26,5859,182,1201,231,16,2305,19,6414,107,0,0,3,0,31,0,
city-hall,583,19,0,8,0,78,161,200,219,1180,53,751,376,1263,83,1125,26,697,311,31,438,375,1.81,412,703,319,190,149,68,40,104,207,29,1927,1653,23,1833,105,197,96,590,138,0,2134,35,0,0,3,0,20,0,
city-park,943,26,0,3,0,119,193,340,211,1846,379,932,535,1919,73,1570,32,2095,185,90,525,466,1.76,184,1273,587,266,160,346,272,115,323,6,3071,2646,11,2926,64,423,155,573,349,16,3394,118,3,0,4,0,25,0,2655
city-park-west,1503,46,0,14,4,285,336,334,302,2635,404,1638,593,2833,198,1996,20,2420,557,445,574,1204,1.73,387,1850,708,347,303,549,779,129,788,17,4106,3008,181,3567,221,542,208,733,827,76,4894,181,13,0,6,0,30,0,6316
civic-center,744,0,0,7,0,0,37,361,193,1256,404,441,411,1452,196,1414,17,1235,171,24,351,198,1.53,100,519,377,252,0,443,112,63,128,0,1790,1601,35,1684,24,190,37,366,38,0,1918,41,3,0,3,0,10,0,11918
clark-centennial-park,4074,2274,39,141,70,3601,4564,4342,5807,14124,1402,8051,4671,14567,443,4539,638,8053,5861,4547,5631,6778,2.59,3668,5443,4695,4685,6435,4231,494,656,14058,678,23023,21193,2822,31173,1258,5038,2886,3700,9634,576,37081,1545,3,12,228,3,214,12,
clayton,529,424,4,16,13,462,499,423,970,1622,103,1051,468,1699,77,279,53,955,651,860,510,972,2.8,501,728,772,620,852,452,1076,66,1903,42,2691,1462,371,2926,113,404,265,451,1420,79,4594,118,17,0,27,0,24,3,3536
clement-park,324,8,0,0,0,13,198,474,120,1042,244,428,370,1083,41,239,0,844,379,50,573,33,2.25,66,164,263,302,367,395,0,29,358,8,1988,1943,56,2213,40,722,67,233,837,0,2346,28,0,0,0,0,19,0,
clubcrest,373,28,0,5,4,235,478,735,170,1685,331,641,713,1685,0,387,0,1595,628,77,757,123,2.47,225,682,492,677,589,515,0,32,321,12,3855,3729,10,3965,157,691,305,181,1298,10,4176,79,0,0,4,0,37,0,
cole,497,417,5,22,10,652,591,296,980,1704,192,1026,486,1866,162,584,80,1084,638,839,600,1195,2.66,168,1136,915,475,986,364,734,32,2137,3,2412,1538,589,3008,183,271,234,454,1282,117,4549,163,6,0,34,0,35,0,4223
college-view,654,1413,17,33,30,1376,1015,488,2847,2328,88,1809,431,2343,15,998,261,495,1353,1921,728,3409,3.4,903,1309,1074,1126,1926,542,256,442,6029,0,1896,1278,1320,5817,90,446,599,922,1265,288,7925,412,6,0,93,0,26,6,6337
congress-park,2872,28,0,11,0,250,967,1151,563,5965,1334,3103,1528,6176,211,3368,0,7026,594,160,1504,1293,1.91,847,3759,2173,1199,747,1150,547,158,1191,61,10302,9325,216,9976,535,1003,615,1325,2799,24,11493,283,0,6,9,0,111,0,5674
conservatory,195,280,0,11,0,27,440,548,656,1205,320,194,691,1220,15,25,9,1323,493,283,421,181,2.91,210,589,506,623,571,462,392,649,534,25,2967,1715,309,2056,70,340,200,60,1195,0,3501,42,8,6,23,0,30,4,
continental-divide-raceway-dawson-butte-and-true-mountain,519,71,0,13,3,193,1173,1809,681,3611,1664,823,1124,3709,98,207,23,3966,883,179,1687,368,2.63,616,642,1047,1762,1681,1830,94,135,653,43,8845,8382,28,8996,202,1434,486,177,3365,41,9498,202,0,0,16,0,73,6,
cory-merrill,434,0,0,7,0,313,688,537,107,1880,627,467,786,1920,40,73,0,2639,310,32,344,389,2.44,264,812,913,563,662,462,47,67,362,13,4321,4057,116,4332,108,575,432,117,1836,21,4683,115,0,5,3,0,70,0,2647
country-club,403,14,0,0,0,88,378,440,171,1343,746,253,344,1407,64,162,9,2081,45,19,144,92,2.32,177,299,457,454,450,509,0,53,131,51,2991,2793,0,2913,105,570,206,47,1218,0,3122,33,0,0,0,0,26,0,1239
cu-east-campus,181,9,0,0,0,39,84,167,400,740,24,540,176,783,43,651,12,614,37,0,91,683,2.34,889,438,109,63,57,89,0,238,100,28,1639,1289,71,1354,48,43,51,447,126,0,1739,30,0,8,3,0,6,0,
cu-main-campus,246,206,0,0,0,18,143,96,1621,729,48,496,185,760,31,712,43,1186,0,20,32,571,2.2,5474,702,393,52,161,77,98,1441,668,27,6314,4620,65,5196,155,14,109,412,48,5,6982,362,0,20,0,0,13,0,
deer-creek-canyon-park-and-james-q-newton-park,150,22,0,0,0,208,612,494,133,1328,787,205,336,1386,58,31,10,1843,248,0,502,21,2.91,172,300,573,670,870,663,0,173,107,0,3756,3509,9,3616,65,387,228,27,1355,0,3863,119,0,4,4,0,17,0,
dekoevend-park,1338,283,0,21,0,972,1397,1719,958,4700,1004,2016,1680,4890,190,1027,48,4394,1682,332,2201,999,2.55,717,1307,1636,1907,2246,1555,58,346,1312,40,10732,10100,162,11041,397,2204,472,454,3847,67,12044,368,0,5,18,0,90,4,
delmar-parkway-jewell-heights-and-hoffman-heights,1793,4032,43,137,133,3001,3189,1740,8449,7565,245,5582,1738,8049,484,2980,763,2927,4702,4282,2722,5776,3.16,2150,4319,3470,2939,5210,2270,3129,1517,13323,281,10656,5486,4741,13194,1117,1635,1986,2702,5028,417,23979,909,68,51,248,5,67,26,
denver-airport,263,13,0,6,0,174,223,92,118,610,36,382,192,653,43,245,34,358,220,69,230,175,2.38,120,315,281,147,206,66,549,7,357,7,1092,470,17,702,167,68,246,82,401,21,1449,35,7,0,16,0,5,0,6979
derby-southeast-thornton-and-southwest-commerce-city,380,1389,21,63,51,1546,1494,615,2694,2696,184,1736,776,2767,71,207,362,549,2033,2517,964,3024,3.9,925,1691,1451,1011,2863,1086,393,72,7367,139,3501,2831,769,9128,367,824,1017,547,1989,283,10868,440,4,0,130,0,36,6,
dover-square-park,845,17,0,14,0,294,413,443,337,2242,163,1290,789,2344,102,1619,42,1487,669,143,762,495,2.05,884,1176,539,505,481,379,172,162,672,13,3935,3442,37,4016,207,462,181,571,725,41,4607,103,0,0,12,0,37,0,
east-arapaphoe,495,57,0,9,0,115,710,1062,191,2399,531,876,992,2594,195,58,64,1556,1700,322,1317,393,2.77,328,583,693,1484,1122,1121,46,39,600,70,6044,5692,158,6068,263,1014,299,115,2279,13,6644,135,0,0,7,0,55,0,
east-brighton,385,16,4,18,3,518,1272,621,295,2382,613,628,1141,2487,105,46,40,1823,989,236,1549,388,3.32,566,1090,1591,944,2147,622,425,202,1528,16,6384,5487,110,6812,347,350,602,186,2441,75,7912,234,0,0,36,0,98,3,
east-central-englewood,5160,501,10,71,17,1436,2465,3025,2316,11874,1363,7066,3445,12845,971,5337,222,8472,4322,1909,3773,4823,2.13,2946,5022,3429,3474,2654,3481,701,350,3915,62,21792,20206,1754,22068,772,3070,1631,3077,7283,266,25707,1222,14,16,60,5,239,0,
east-colfax,1582,673,3,38,44,1130,1220,892,2375,4310,257,2898,1155,4652,342,2059,433,2669,1811,932,1624,3653,2.54,1189,2423,1719,1467,1920,720,2722,1128,2504,151,8450,4295,392,6122,439,707,809,1440,2593,218,10954,655,56,35,46,0,68,0,13582
east-columbine,160,15,0,0,0,222,405,602,248,1184,573,287,324,1210,26,94,0,1588,272,110,436,177,2.78,138,216,377,534,609,533,0,65,319,6,2976,2824,0,3113,111,746,142,59,1099,11,3295,96,0,0,0,0,16,0,
east-old-golden-rd,727,51,4,11,0,384,514,557,331,2087,324,1015,748,2168,81,998,18,1687,606,342,812,676,2.12,524,1175,588,759,523,484,101,85,502,16,4173,3800,22,4297,154,441,181,308,888,49,4675,16,0,0,9,0,33,0,
east-pike-national-forest,301,18,0,3,0,112,436,1054,297,1883,757,464,662,2010,127,12,0,2033,668,87,783,253,2.46,284,219,428,853,693,1069,46,62,198,27,4458,4230,0,4421,100,1002,108,37,1987,0,4656,84,0,0,4,0,24,0,
east-roxborough-park,142,33,0,3,0,77,522,471,187,1180,350,271,559,1223,43,0,0,1084,414,104,639,54,2.76,115,541,679,448,678,295,9,23,412,7,2849,2763,58,3053,111,278,227,65,1214,0,3261,77,0,4,4,0,50,0,
elk-meadow-park,195,14,0,0,0,146,309,424,118,968,342,403,223,1110,142,212,0,1278,203,65,358,142,2.55,50,86,314,363,499,455,26,36,101,8,2456,2344,6,2419,62,686,104,88,898,0,2557,105,0,0,0,0,13,0,
elyria-swansea,301,1368,15,35,28,1050,961,411,2473,1795,92,1274,429,1888,93,236,236,542,1002,1808,493,1771,3.84,859,707,984,1074,1666,585,315,9,5710,95,1210,840,824,5617,60,495,550,448,1599,120,6920,255,4,0,89,0,11,4,7630
exposition-park-and-aurora-hills,7488,3971,73,349,200,8522,8464,5451,13879,22952,1364,15528,6060,24337,1385,13933,1828,11279,11373,6047,8877,13657,2.72,7168,10134,8801,6632,11935,6229,16542,2610,21444,812,41359,19605,7848,30383,4608,5780,6124,8500,10279,1246,62803,3084,340,54,481,9,235,77,
far-horizons,218,66,0,12,0,33,236,442,118,944,114,390,440,991,47,118,4,686,578,216,492,152,2.86,227,414,318,334,363,463,21,37,454,88,2250,2028,85,2382,91,443,142,93,873,0,2704,115,0,3,12,0,23,0,
federal-center,0,0,0,0,0,0,0,0,0,0,0,0,0,0,0,0,0,0,0,0,0,0,0,0,0,0,0,0,0,0,0,0,0,0,0,0,0,0,0,0,0,0,0,0,0,0,0,0,0,0,0,
federal-heights-and-sherrelwood,2341,3062,50,188,142,3279,3773,3116,6702,9789,450,6567,2772,10553,764,2774,868,2959,6350,6071,3655,5312,3.08,2993,4859,4082,3785,5913,3125,225,605,18515,500,11661,10234,1878,26280,688,3184,2235,2196,4683,465,30176,1195,14,11,405,6,102,29,
federal-heights-north,447,261,7,28,18,434,574,512,905,1560,123,1004,433,1650,90,116,80,544,878,697,689,904,2.89,406,681,691,467,984,445,35,130,2103,11,2404,2191,310,3971,50,524,309,203,783,89,4507,165,3,6,57,0,20,0,
five-points,3675,638,5,55,18,724,1013,1133,1400,7673,1583,3740,2350,8271,598,6435,206,7552,1289,1039,2667,3156,1.94,2035,6225,2191,2137,896,1265,2087,328,3183,121,13167,10299,474,12712,628,729,872,2137,1836,88,16350,547,40,4,55,8,102,6,25999
flatirons-and-grant,505,23,0,0,0,54,195,447,124,1633,499,774,360,1757,124,796,0,1926,133,0,254,1132,2.3,1145,665,311,411,212,387,6,21,84,0,3676,3583,25,3630,78,539,90,435,961,4,3760,223,0,0,0,0,11,0,
fort-logan,772,192,6,36,11,653,908,1418,595,3284,744,1353,1187,3446,162,853,54,2569,1740,500,1693,668,2.57,566,1353,850,1362,1476,1294,370,422,2534,127,6475,5569,298,7367,425,1643,465,249,2559,73,9009,221,8,7,37,0,70,0,2239
fruitdale-kipling-and-i-70-clearcreek,958,0,6,24,9,521,565,681,304,2421,40,1695,686,2571,150,1208,12,1113,1020,363,824,734,2.02,746,894,599,635,569,646,0,130,1221,93,3666,3444,104,4349,211,546,252,697,1363,63,4887,176,0,0,21,0,54,0,
garden-acres-park,575,102,0,9,5,304,601,669,558,1972,211,1022,739,2040,68,458,85,1385,961,302,781,787,2.6,621,891,711,769,782,668,41,109,1543,95,3594,3396,263,4605,24,390,305,338,1582,64,5137,191,0,0,20,0,41,0,
genesee-park,1039,35,0,5,0,385,1300,2140,523,4608,2172,1102,1334,4934,326,340,0,6318,720,115,1119,452,2.39,387,630,1253,1911,1996,2133,17,222,245,8,10767,10310,26,10524,215,2345,357,133,4572,30,11012,183,0,3,5,0,51,0,
glendale-area,1364,402,3,17,9,160,276,475,1225,2727,72,1924,731,2909,182,2769,49,1788,528,392,742,1091,1.8,1088,1994,633,416,158,280,321,345,1199,41,3706,2889,539,3524,135,127,209,1266,124,15,4905,222,0,4,20,0,30,0,
globeville,290,510,6,17,10,523,489,219,894,1109,30,818,261,1179,70,237,146,426,879,730,311,1385,3.27,810,980,408,390,763,347,215,15,2473,10,1697,1375,458,3282,190,221,251,375,942,109,4170,187,10,0,36,0,7,0,7627
glover-plum-creek-fairway-and-crystal-valley-ranch,906,138,0,19,13,552,1253,1338,483,3694,752,1508,1434,3975,281,1255,133,3184,1110,369,1611,1026,2.56,932,1278,1057,1556,1714,1021,106,38,978,98,8626,8104,109,8884,369,1362,684,597,2720,71,9604,218,0,3,25,0,88,0,
golden-gate-canyon-and-coal-creek-canyon,648,0,0,4,0,193,644,910,304,2463,784,895,784,2733,270,459,0,2745,499,85,747,420,2.27,500,782,714,1065,773,824,17,123,357,16,5227,4932,15,5155,258,691,235,341,2206,0,5584,133,0,3,10,0,36,0,
goldsmith,1191,279,6,21,3,478,610,482,824,2643,204,2077,362,2835,192,2138,15,1381,1346,317,847,709,1.96,668,1344,661,505,501,636,728,64,1493,112,3985,2832,914,3364,296,745,418,1232,697,23,5478,282,17,0,25,0,29,4,4259
green-valley-ranch,1774,2413,32,142,73,3781,6001,2406,9557,10859,1452,4831,4576,11129,270,1739,385,6411,5418,4177,5907,2654,3.32,2685,6593,6535,4514,8591,2596,10336,2292,14244,298,21796,8237,2424,18735,1955,1675,2851,1965,9376,259,36040,1055,149,53,271,6,137,21,10472
gunbarrel-area,1581,23,0,6,0,452,1209,1647,643,5045,1492,1813,1740,5233,188,1885,0,6697,619,129,1059,717,2.21,697,1917,1540,1803,1523,1647,87,212,711,18,10431,9913,195,10421,209,1597,418,736,3348,55,11142,381,0,5,5,0,70,0,
hackberry-hill,442,53,4,17,5,524,720,948,310,2236,267,1079,890,2236,0,127,29,1677,1196,381,897,616,2.64,517,788,790,811,966,938,32,161,778,185,5125,4730,158,5263,104,824,269,269,2109,75,5903,385,5,0,16,0,58,0,
hale,2095,37,0,15,0,308,649,802,582,4057,680,2203,1174,4389,332,2225,53,3791,535,170,1199,760,1.7,343,1828,1358,887,514,764,356,324,744,29,6215,5337,65,5976,209,858,407,901,2164,39,6959,184,7,4,16,0,93,0,3764
hampden,4371,663,8,52,23,1453,1975,2331,2708,9536,1268,5668,2600,10125,589,6473,140,7640,2640,744,2883,2168,1.97,1733,3291,2565,2201,2180,2464,2906,913,2467,180,16321,12055,759,13456,574,3386,968,2782,3642,278,18788,607,52,14,68,0,114,9,7990
hampden-south,2903,338,3,23,8,622,1498,2314,1541,7363,1722,3362,2279,7923,560,3850,18,7207,1733,479,2696,699,2.08,778,3452,1978,2139,1641,1911,1472,771,1784,20,13547,10836,730,11958,380,2635,797,1285,4062,9,15331,378,22,6,29,0,115,4,8734
harriman-lake-weaver-hollow-park-and-blue-heron-park,1416,325,0,23,0,871,3257,3684,1805,8838,2303,2286,4249,8928,90,589,60,8284,3537,803,4370,911,2.83,1922,3526,3523,4180,4768,3099,340,823,3561,255,21490,19643,392,22538,703,2666,1367,349,8297,9,25051,682,3,13,39,0,212,3,
harvey-park,972,1231,14,38,30,1679,1743,1136,2788,4232,200,2347,1685,4348,116,838,379,2349,2248,2052,1343,2625,3.01,974,2392,1738,1370,2510,1254,230,739,7614,291,5146,3940,1533,9638,329,1238,1284,741,3510,315,12760,345,0,9,118,0,70,9,5919
harvey-park-south,965,366,8,32,21,824,1061,1036,1142,3226,379,1903,944,3318,92,963,88,1874,1540,1118,1290,1328,2.63,830,1351,947,1271,1506,979,254,515,4308,28,4562,3826,672,7300,101,1274,712,639,2306,141,8870,295,4,4,61,0,47,5,4218
hayden-green-mountain-park,4699,226,8,68,11,2288,4114,5655,2548,15818,3436,6736,5646,16257,439,5565,224,15058,4453,1070,5535,2999,2.34,3741,5128,4544,5579,5336,5355,372,1316,4250,190,32909,30129,628,33413,1240,5510,1966,2405,10647,198,37159,1165,8,18,66,0,341,0,
heritage-eagle-bend,1964,345,5,48,7,2073,5902,4367,3358,12731,4518,3267,4946,13192,461,2492,175,14466,3492,573,5146,1412,2.97,2843,4000,6501,6023,8692,3370,2098,2713,3756,168,34093,28099,1124,30343,1403,3783,2637,1427,10690,90,37849,723,38,36,51,0,334,8,
heritage-hills-and-stonegate,3654,364,9,55,13,2243,7126,5221,4427,17785,5729,4544,7512,18571,786,5357,243,19222,3893,603,6173,2002,2.61,4131,7986,7877,6561,9169,4531,851,2974,4320,127,42128,36610,956,39796,1744,2936,3257,1869,13136,94,46448,1054,8,31,87,0,487,17,
highland,2307,364,3,26,9,444,679,860,1017,4624,1293,1887,1444,5129,505,2648,118,4846,742,770,625,1190,1.85,535,2719,1830,1005,759,530,164,160,2116,116,6539,6117,249,7785,181,899,378,1306,2481,97,8655,230,4,4,37,0,99,0,9273
highlands,42,0,0,0,0,75,614,433,170,1115,642,148,325,1200,85,12,0,1673,253,8,191,141,3.22,247,68,611,673,992,491,40,50,237,0,3352,3135,0,3372,127,282,225,25,1188,0,3589,60,0,0,0,0,21,0,
highlands-prkway-wood-creek-and-hackbrhl,571,81,3,28,9,1005,839,888,248,2528,279,1313,936,2642,114,643,66,1753,1344,250,1060,531,2.59,486,1068,706,1008,1154,846,111,165,1954,120,4604,4198,276,5734,152,779,511,366,1999,107,6558,272,0,0,21,0,61,0,
highlands-ranch-east,3574,538,0,34,3,3082,9506,6371,6106,20222,8549,4367,7306,20839,617,3522,207,25790,3605,470,5914,2221,2.79,3341,6020,9846,9233,13343,5788,615,4875,4589,129,51819,45023,1002,48181,1606,4892,3945,1558,17241,220,56408,1074,8,42,59,0,394,13,
highlands-ranch-southeast,457,14,0,3,0,319,1472,1210,673,3185,1886,501,798,3340,155,356,10,4544,486,25,798,233,2.86,499,488,1383,1627,2273,1216,36,458,370,6,8760,8074,16,8379,235,1139,505,117,2984,0,9130,121,0,6,0,0,47,0,
highlands-ranch-west,3004,246,4,31,4,1568,7110,5724,3194,16382,6620,3663,6099,16725,343,2456,120,19664,3211,634,5677,1246,2.72,2844,4340,7030,7986,10075,5278,281,1853,3612,97,40868,37695,357,40836,1056,4552,2375,1299,14225,73,44480,824,7,18,47,0,348,9,
hilltop,1090,88,0,13,0,348,1227,1279,668,3835,1942,942,951,3973,138,683,0,5408,375,157,643,506,2.39,492,809,1303,1267,1359,1456,335,168,349,44,8962,8186,58,8495,211,1748,877,388,3270,43,9311,259,8,4,13,0,78,0,3055
hine-lake-powderhorn-park-and-westbury-park,1898,156,3,34,3,1398,3291,3747,1498,9377,2313,2992,4072,9814,437,1424,121,9181,3350,511,4118,1057,2.65,1992,3435,3604,3705,4219,3992,402,1049,2388,234,22492,20562,455,22119,621,2424,1509,827,8363,68,24880,770,0,13,40,0,209,4,
holly-hills-area,194,27,0,0,0,132,304,433,105,1056,412,274,370,1072,16,7,17,1418,135,83,358,160,2.44,155,222,399,360,311,434,74,45,223,5,2461,2277,83,2379,98,579,224,29,1065,0,2684,90,0,0,0,0,40,0,
homestead-park-and-columbine,1828,536,10,37,11,764,1147,1040,1095,4404,252,2815,1337,4539,135,1725,165,2283,2186,999,1469,1507,2.26,1041,1556,1327,1316,1456,1448,163,123,3193,122,6817,6398,680,8523,399,1290,576,1049,2366,100,10010,278,0,0,61,3,59,4,
hutchinson-park,430,128,0,0,0,428,754,1010,396,2322,693,650,979,2383,61,264,0,2955,761,44,719,257,2.68,379,584,756,1221,1031,882,17,449,548,0,5665,5108,94,5535,118,1036,324,89,2119,0,6213,216,0,0,3,0,42,0,
indian-creek,954,83,0,5,3,273,327,498,474,1950,323,989,638,2046,96,959,6,1721,450,169,564,263,1.87,269,607,693,392,215,623,287,93,580,0,3066,2552,170,2849,247,589,258,230,1087,5,3646,55,12,0,8,0,12,0,598
jefferson-park,720,511,0,13,7,145,273,265,773,1574,221,1033,320,1673,99,1152,135,1096,308,716,238,836,1.89,188,1310,496,276,276,157,130,66,1418,19,1555,1304,388,2319,51,119,151,566,514,47,2973,121,0,0,22,0,22,3,4615
kamemoto-park,324,220,3,13,10,445,626,658,726,1761,250,858,653,1856,95,437,32,1331,854,414,773,581,2.89,407,823,667,740,918,588,101,107,1862,38,3250,2963,289,4470,107,554,415,188,1273,39,5112,158,0,0,28,0,28,0,
ken-caryl-ranch,1159,64,0,14,0,720,2566,3420,978,7367,3587,1711,2069,7489,122,838,43,9879,1625,196,2253,881,2.71,1275,1131,2332,3523,3915,4286,100,271,1368,67,18581,17939,66,18995,450,2681,806,314,6651,80,19949,505,3,7,13,0,113,0,
kennedy,1033,394,4,25,17,475,698,354,1769,2394,60,1915,419,2639,245,2578,201,1532,364,462,723,724,1.99,683,1648,857,435,494,82,700,721,1687,0,3084,1472,756,2321,273,59,513,1424,61,49,4771,289,27,6,29,0,22,4,2096
kings-ridge-noble-park-and-east-boulder,2048,287,4,12,12,273,571,731,1525,3906,498,2298,1110,4027,121,2678,100,3324,527,574,873,1141,1.82,957,1755,1180,811,788,667,38,398,1444,46,5687,5077,230,6252,167,885,88,1154,752,47,7131,203,0,6,24,0,38,0,
lac-amora-park-and-zangs-spur-park,1400,137,0,25,4,511,1049,1345,795,4228,608,1914,1706,4567,339,2167,108,3697,1058,298,1604,1023,2.28,1058,2122,1257,1136,1341,1248,70,543,1315,31,8344,7555,315,8439,261,894,603,981,2361,32,9659,475,3,8,23,0,97,3,
lake-arbor,830,18,3,16,3,444,716,759,319,2478,388,1232,858,2478,0,729,0,1933,797,228,1028,470,2.43,578,755,765,775,1085,804,97,64,1299,28,4724,4484,322,5400,112,887,374,464,1724,63,6023,256,0,3,11,0,41,0,
lakota-hills-golden-proper,1350,175,3,17,3,761,1173,1191,1191,4650,1065,2577,1008,4803,153,1891,69,4554,1378,613,1502,2454,2.41,3729,2328,1599,1554,1618,1325,316,515,1375,88,12648,11321,99,12541,464,1241,629,1154,2232,131,14023,374,0,9,11,0,85,0,
laredo-highline,593,514,11,42,38,849,1038,585,1621,2359,131,1785,443,2405,46,915,170,942,1428,905,831,1821,2.8,672,757,872,762,1191,835,1346,358,2938,84,3684,1942,1074,3717,43,880,653,774,1398,271,6622,293,40,4,64,0,19,9,
larmar-heights,411,115,0,12,4,181,510,662,292,1725,180,892,653,1851,126,413,15,1058,893,128,874,381,2.43,463,634,660,677,585,374,25,270,908,7,3331,3030,47,3884,6,608,238,229,1438,20,4239,152,0,0,14,0,39,0,
lemon-gulch,797,56,0,12,0,666,3282,2352,904,6769,3164,1415,2190,6925,156,411,17,8215,1489,253,2811,687,2.98,917,1620,3603,3349,4816,2506,136,422,1794,28,18483,17227,244,18594,853,1690,1776,281,6458,100,20277,286,0,9,16,0,188,3,
leyden,143,0,0,6,0,15,375,688,98,1212,719,147,346,1288,76,0,0,1540,397,64,418,48,2.67,118,237,558,552,422,577,14,43,179,0,3064,2926,25,3082,79,495,284,0,1288,0,3243,49,0,0,6,0,64,0,
lincoln-park,1104,531,0,19,7,608,477,497,1035,2647,149,1773,725,2896,249,1837,141,1646,702,1032,771,2112,2.18,740,1485,846,601,883,603,586,165,2544,209,3485,2664,719,4257,93,616,255,883,1037,100,6029,407,16,0,30,0,25,0,13740
littleton-north,781,84,9,32,8,600,816,904,246,2726,289,1529,908,2805,79,596,29,1604,1656,296,1432,918,2.6,562,1257,1097,849,1034,951,238,196,1585,13,5501,4770,175,5929,535,834,502,502,2197,130,7086,244,4,3,36,0,74,4,
long-lake-ranch-park-and-north-table-mountain,974,62,0,7,0,318,1347,1658,436,4313,1836,1193,1284,4393,80,416,95,5319,1235,241,1183,572,2.57,592,1046,1944,1848,1909,1558,0,95,601,47,10499,10221,12,10771,175,1582,621,335,3977,0,11100,147,0,3,10,0,90,0,
longs-peak,97,0,0,0,0,70,133,367,28,626,144,255,227,662,36,0,0,641,290,54,172,185,2.44,99,131,120,220,273,330,9,0,140,0,1435,1389,56,1473,37,356,46,41,662,29,1575,32,0,0,0,0,7,0,
louisville-and-southeast-boulder-valley,2421,298,0,20,7,1330,3537,3384,2122,10075,3757,3100,3218,10408,333,1220,96,13411,1498,417,2263,1407,2.5,1531,2191,3726,4294,4944,4137,68,1211,1520,17,23712,21883,171,23247,518,3241,1168,962,8997,120,25232,652,3,15,21,0,157,0,
lowry-field,1615,61,0,15,6,351,1044,922,937,3867,1304,1476,1087,4209,342,1974,13,4703,419,157,680,567,2.13,562,1431,1334,1170,1233,981,562,363,906,16,7346,6182,415,6656,240,1043,498,863,2206,31,8252,299,16,8,12,0,64,0,4086
lyons-and-rabbit-mountain,353,31,0,0,0,148,536,600,395,1607,558,521,528,1767,160,75,32,1923,398,66,553,320,2.57,295,432,622,606,677,741,65,81,117,20,4006,3728,0,3845,112,539,211,146,1653,32,4123,166,0,0,0,0,23,0,
mapleton-hill-newlands-and-juniper-kalmia,450,20,0,0,0,219,594,584,559,1968,792,627,549,2091,123,342,0,2731,129,89,308,396,2.36,366,657,576,774,787,756,0,147,175,0,4470,4254,71,4358,69,494,235,176,1749,0,4645,170,0,0,0,0,29,0,
mar-lee,795,1444,22,61,48,1868,1816,1373,4052,4200,274,2753,1173,4360,160,987,294,1526,2985,2751,1192,2472,3.3,1404,2546,1935,1499,2855,1148,240,473,9789,434,4232,3081,1533,10858,483,1326,1308,920,3317,233,14021,400,4,13,159,6,45,7,7203
marston,1968,176,0,23,7,678,1297,1586,768,5464,782,2732,1950,5724,260,2714,80,4603,1546,294,2424,695,2.11,631,1950,1817,1653,1372,1670,16,657,1928,37,9611,8373,116,10053,660,1777,669,1051,3010,10,11539,272,0,10,34,0,97,5,3720
martin-acres-majestic-heights-and-superior,1361,252,0,8,0,976,2733,1978,3229,7601,2549,2503,2549,7967,366,2576,220,10068,734,338,1347,2447,2.74,3867,3612,2979,2881,3413,1780,208,2736,1536,32,19329,15805,519,16669,701,1235,1098,1824,5289,13,20865,667,0,11,8,0,119,0,
mcintosh-park,1432,54,0,23,8,441,1061,1562,437,4356,941,1816,1599,4538,182,1306,63,4091,1384,252,1608,696,2.3,851,1042,1096,1263,1474,1771,11,159,710,108,9365,9008,93,9555,149,2163,415,756,3213,61,10075,189,0,0,19,0,63,0,
meridian-international-business-center,413,95,0,3,0,38,321,315,272,1120,381,357,382,1271,151,537,14,1098,196,46,403,65,2.21,182,407,432,394,371,190,40,323,235,0,2241,1766,0,1962,151,320,180,249,726,0,2476,44,3,7,12,0,80,0,
meyer-ranch-park,221,0,0,0,0,67,353,538,92,1159,478,294,387,1274,115,0,8,1378,324,52,374,65,2.4,58,121,340,670,447,577,0,41,55,0,2721,2651,15,2691,29,420,143,20,1268,0,2776,78,0,0,0,0,20,0,
mission-viejo,465,79,0,13,6,524,920,949,570,2404,394,836,1174,2486,82,206,34,2421,997,216,1318,472,2.98,480,1158,1022,1012,1157,981,715,84,1158,42,6020,4962,390,5572,375,779,589,181,2270,35,7178,303,11,5,19,0,67,0,
mitchell-culch-park,247,0,6,19,4,372,1395,534,153,2204,506,549,1149,2204,0,14,46,2118,802,128,1105,155,3.17,595,909,1530,800,1578,551,12,131,590,0,6406,6162,58,6694,101,363,670,172,2190,0,6996,139,0,0,6,0,108,0,
montbello,1207,5071,71,178,137,4824,4998,2076,10126,8597,475,5212,2910,8885,288,1238,683,2718,5647,6616,3649,8475,4.06,3924,5172,4866,3418,9253,2829,8291,638,21416,45,13549,3954,2515,22418,1058,2345,3158,2014,7615,754,34965,1133,106,15,420,4,66,35,16954
montclair,1115,15,3,7,3,189,692,595,623,2811,876,829,1106,2919,108,387,13,3363,470,169,580,487,2.05,317,983,1208,938,706,775,274,124,594,15,5291,4748,213,5087,172,678,280,357,2532,13,5885,46,4,0,15,0,68,0,4321
montview-park,1921,4304,42,131,145,2783,2823,1249,7731,6827,186,5211,1430,7201,374,3892,1254,2331,3784,4765,1887,7122,3.18,2636,3833,3189,2779,4749,1589,3691,1456,11730,379,10337,4351,4765,10766,1010,1377,1915,2830,3233,525,22067,967,64,59,235,8,73,18,
mount-carbon-park-and-westgate,922,204,0,14,0,541,683,726,576,2447,323,1316,808,2681,234,1681,39,2154,1378,362,1248,427,2.15,617,1278,1071,938,859,888,345,311,1241,192,5722,4839,216,5725,174,967,345,637,1000,87,6963,119,0,3,14,0,39,0,
mount-falcon-canyon-park,236,5,0,0,0,226,278,598,118,1251,447,338,466,1297,46,58,29,1357,454,61,638,173,2.49,134,331,427,539,492,507,51,26,366,0,2884,2740,9,3097,67,706,114,78,1218,27,3250,96,0,0,0,0,22,0,
nederland-and-boulder-mountain-park,1271,14,0,6,0,561,1044,1855,453,4787,1653,1573,1561,5462,675,425,117,6183,654,113,1332,828,2.25,663,1253,1691,1862,1604,1844,0,201,386,15,10401,10002,18,10355,198,1632,238,725,4971,8,10787,218,0,0,10,3,58,0,
north-aurora,1466,2146,29,110,103,2268,2836,1798,5500,6528,460,4029,2039,6740,212,1166,643,2776,3923,3077,2933,4334,3.25,2255,3217,2939,2912,4769,1865,3379,995,9613,453,11751,6651,3091,12633,813,1776,1631,1014,4093,271,21364,723,62,28,227,0,72,31,
north-capitol-hill,2591,132,0,11,0,75,98,453,464,3990,625,2177,1188,4351,361,4247,14,3553,445,257,823,1133,1.41,642,2908,599,466,40,670,409,136,499,28,5335,4601,83,4955,223,435,74,1431,104,0,5834,222,8,3,0,0,24,0,9328
north-central-westminster,1159,121,3,19,0,700,2028,2650,1119,6141,2216,1489,2436,6423,282,1098,31,7043,1541,343,2603,356,2.59,719,1956,2400,2226,2642,2474,321,884,1581,167,14329,12650,150,14012,376,2474,1019,541,5325,29,15910,244,0,16,21,0,110,3,
north-park-hill,1119,233,7,27,3,574,1403,1136,800,4094,1184,1544,1366,4206,112,79,43,4383,1069,886,1344,1200,2.53,396,2035,1632,1467,1288,1051,3095,108,1130,98,9209,5424,728,5898,412,1497,973,359,4117,90,10339,230,32,3,21,0,106,0,3768
north-standleylake-open-space-park,115,3,0,3,0,85,307,243,128,685,208,100,377,685,0,0,0,733,216,30,282,80,2.79,142,215,343,292,389,285,7,25,191,5,1719,1623,38,1784,51,126,118,8,685,7,1910,33,0,3,4,0,19,0,
north-thornton,2501,767,11,88,15,2060,5567,4605,2976,13687,3951,4183,5553,14240,553,3346,286,12386,5617,2034,5646,1694,2.89,2873,5746,6565,5755,8328,3973,699,2657,6324,322,33195,29006,766,33890,1185,3644,2635,1746,10885,116,39519,841,10,26,129,5,330,4,
northeast-adams,565,53,0,15,8,443,1252,1236,418,3196,538,1389,1269,3421,225,91,115,2004,1985,412,1646,643,2.85,616,1030,1199,1383,1989,1444,24,44,1039,98,8083,7648,299,8461,196,991,470,183,3078,46,9122,282,0,0,15,0,72,3,
northeast-broomfield,1337,352,3,25,11,355,2715,2398,1664,6786,2466,1854,2466,6956,170,516,132,8136,1649,454,2302,780,2.71,832,2117,3271,2572,3898,2098,189,1109,2306,93,16105,14144,448,15574,998,2483,1140,309,6095,50,18411,307,3,10,31,0,151,3,
northeast-centennial,1881,1239,11,79,18,3255,9244,7148,7602,18889,7009,3835,8045,19313,424,1116,118,22824,6072,1296,8217,2272,3.17,4178,6165,9493,10425,13797,7694,4467,5945,5554,256,54470,42038,1115,45696,2545,4632,3640,1019,18172,106,60024,1466,51,67,98,4,434,21,
northeast-lakewood,6311,1290,20,121,64,2692,3452,4153,3685,15694,1525,10087,4082,16358,664,6922,512,9241,6473,3738,5884,5549,2.16,2745,6462,4751,4438,4666,4565,516,349,11030,383,23838,22009,1617,30824,1179,5120,2121,4557,9276,470,34868,1515,12,14,170,7,256,9,
northeast-littleton,2430,360,6,39,14,879,1472,1376,1425,5851,620,3497,1734,6155,304,3136,211,3872,1911,951,2519,1780,2.27,1538,2422,1620,1529,1816,1660,403,213,2829,179,10647,9581,283,11861,537,2022,869,1461,3001,103,13476,625,6,3,41,3,109,5,
northeast-park-hill,1062,584,8,44,18,1165,1001,766,1118,3165,258,2189,718,3302,137,1194,253,1715,1728,1203,1347,2571,2.69,737,1481,1536,936,1685,906,4045,159,2372,117,6835,1965,187,4078,621,1134,792,1155,2108,209,9207,460,52,0,45,0,39,0,8696
northeast-parker,1459,69,3,15,0,726,2167,2160,1030,6134,2016,1707,2411,6310,176,1712,69,6269,1467,253,2157,784,2.57,1701,1216,2222,2657,3355,2195,267,475,1177,0,14616,13548,110,14586,355,1856,591,738,4542,73,15793,209,0,0,9,0,151,4,
northwest-arvada,722,75,0,15,3,498,888,1299,228,3132,832,1283,1017,3175,43,516,0,2580,1153,338,1425,398,2.49,706,779,973,1173,1277,1178,64,23,1069,24,6729,6472,207,7260,220,1393,319,375,2659,38,7798,126,0,0,12,0,68,0,
northwest-lakewood,4421,175,23,82,25,1734,2857,4202,1594,12873,2303,6800,3770,13373,500,4583,164,9539,5004,1526,5126,3345,2.19,2240,3875,3532,3647,3452,4464,406,734,4596,316,23808,21952,400,25586,962,5677,1517,2895,8664,255,28404,1097,12,8,87,0,252,5,
northwest-sheridan,720,390,3,33,15,607,712,530,1014,2180,23,1575,582,2290,110,561,82,1006,1152,1013,683,1496,2.64,636,1181,739,595,922,630,58,71,2788,49,3033,2615,1136,4194,313,709,409,653,1351,120,5821,288,6,0,38,7,29,5,
oakhurst-park-sherwood-park,1623,266,5,36,5,779,2389,2859,1703,7466,2134,2169,3163,7642,176,1056,11,7464,2819,560,3239,1042,2.67,1316,2741,2732,3256,3557,2995,253,1552,2186,107,17837,15838,205,17471,435,2358,1068,561,6580,32,20023,695,0,11,36,0,171,0,
okane-park-washington-heights-park,3311,739,26,101,38,2185,2575,2751,3235,9580,922,5600,3058,9912,332,4460,383,5402,4535,1810,3673,3883,2.36,2975,4638,2841,2242,3503,2677,289,579,8971,199,14501,13237,643,21123,639,3022,1574,2429,5147,283,23472,573,8,11,163,4,141,4,
old-north-boulder,873,179,3,8,3,244,817,794,792,2972,866,1096,1010,3175,203,1103,52,4195,456,85,665,683,2.45,680,1652,1207,850,957,849,8,375,396,0,7062,6552,20,6858,197,843,420,554,1927,20,7458,374,0,0,9,0,53,0,
olympic-park,6833,2547,35,165,62,4577,7937,7763,9397,24021,3774,10997,9250,25018,997,8066,491,18995,10146,3152,11275,5528,2.62,5097,9738,8698,8004,10869,8462,7235,4551,11846,250,51563,37597,4413,43494,3466,8666,3875,3717,16854,422,63409,2123,117,55,186,0,408,40,
overland,670,31,3,8,0,293,222,335,286,1552,117,914,521,1694,142,847,34,1162,441,335,359,668,2.01,391,983,444,371,323,317,375,55,828,61,2333,1787,213,2319,138,182,150,412,837,63,3161,78,0,0,9,0,28,0,4712
parker-north-and-parker-heights,527,59,0,15,0,358,660,425,244,1799,225,965,609,1855,56,890,39,1341,624,108,619,501,2.42,628,775,644,526,803,353,37,46,443,8,3946,3813,22,4184,92,394,266,503,965,26,4389,122,0,0,9,0,39,3,
pike-national-forest,86,0,0,0,0,5,49,204,30,339,67,181,91,546,207,6,0,286,144,33,143,31,2.13,43,24,51,151,50,187,0,0,39,16,683,662,0,696,10,193,23,16,530,0,722,23,0,0,0,0,3,0,
pine-junction-area-and-kings-valley,273,9,0,0,0,50,279,840,182,1431,393,338,700,1549,118,8,0,1340,621,103,649,105,2.38,206,399,374,620,392,845,11,35,275,0,3134,3068,10,3322,31,475,98,32,1541,7,3409,120,0,0,3,0,22,0,
pinery-park,872,52,0,10,3,756,3098,2756,650,6866,3200,1265,2401,6951,85,51,0,8074,1810,105,3226,583,2.95,1295,956,3360,3770,4729,2809,104,136,1228,0,19054,18450,113,19403,526,2320,1043,194,6900,36,20282,455,0,8,15,0,128,0,
platte-park,887,13,0,5,0,172,604,825,210,2726,1022,819,885,2873,147,412,26,3720,356,52,611,368,2.09,120,1625,1040,830,495,742,67,29,330,0,5382,5146,19,5404,193,502,358,398,2461,15,5712,135,0,0,10,0,110,0,3406
pomona,706,75,0,10,0,362,509,704,275,2018,257,966,795,2103,85,788,41,1188,1082,209,887,201,2.26,340,597,771,710,604,594,56,263,689,23,3876,3510,70,4056,97,694,255,221,1299,25,4565,191,0,0,8,0,42,0,
quail-crossing-park,378,281,0,13,6,477,1099,811,763,2314,706,653,955,2400,86,89,151,2374,1038,377,1138,1013,3.29,545,1113,1289,1090,1542,897,205,500,1912,0,5707,4914,192,6534,188,538,605,162,1812,40,7619,214,0,5,29,0,51,0,
ralston,261,23,0,0,0,144,402,681,176,1462,527,470,465,1487,25,0,15,1327,711,152,552,232,2.62,402,298,322,787,555,632,11,91,207,0,3648,3494,0,3701,52,703,156,61,1480,0,3855,102,0,0,0,0,29,0,
red-hawk-and-solitude-colorado,1221,161,0,19,4,729,3734,2819,1212,8015,3293,1776,2946,8214,199,776,66,9718,1573,370,2881,326,2.89,1724,2772,4004,3551,5063,2104,434,437,2520,111,20710,19278,497,21065,686,2111,1901,499,7389,40,23230,450,4,11,35,0,256,0,
regis,521,42,0,10,0,178,352,483,167,1636,200,814,622,1666,30,191,42,1279,607,214,643,578,2.25,959,702,554,541,590,521,46,55,1324,20,3078,2894,175,4002,104,425,110,246,1460,29,4402,89,0,0,12,0,46,0,2709
riverdale-park-and-south-thornton,2910,1907,30,139,72,3271,5158,3142,5836,12191,1242,5286,5663,12667,476,3566,596,6815,7187,3358,5730,3064,3.04,3550,7385,5361,4673,7670,3283,608,1655,15633,512,21481,18259,1572,31252,1515,2388,2804,2291,8059,251,37114,849,13,35,253,9,253,16,
rocky-mountain-arsenal,0,0,0,0,0,0,0,0,0,0,0,0,0,0,0,0,0,0,0,0,0,0,0,0,0,0,0,0,0,0,0,0,0,0,0,0,0,0,0,0,0,0,0,0,0,0,0,0,0,0,0,
rocky-mountain-national-park-and-northwest-boulder,178,0,0,0,0,9,42,200,12,470,70,218,182,1438,968,4,11,463,129,0,146,28,1.82,61,61,94,110,51,204,2,13,18,0,848,836,0,846,5,269,16,9,1400,0,866,55,0,0,0,0,0,0,
roosevelt-park-and-sunset-park,858,0,0,11,4,212,507,564,171,2145,377,1197,571,2374,229,595,48,1843,626,145,887,344,2.13,282,616,485,723,649,739,87,33,448,70,4140,3874,9,4276,113,938,156,523,1758,13,4588,122,0,0,8,0,31,0,
rosedale,477,42,0,6,0,108,224,332,148,1274,262,521,491,1387,113,384,0,1599,193,56,299,214,1.98,102,899,434,164,206,352,49,112,220,0,2340,2151,52,2312,35,298,105,204,1003,10,2560,88,0,0,4,0,30,0,1738
rough-ready-park-and-stephen-day-park,678,162,6,22,5,595,1589,1485,977,3939,1145,1202,1592,3985,46,423,56,4277,1139,566,1621,588,3.01,1047,1177,1752,1977,2518,1404,288,435,1688,88,10150,8750,259,10168,600,1293,670,367,3562,34,11838,517,0,7,23,0,81,0,
ruby-hill,993,2049,15,43,24,1073,1363,925,4137,3485,209,2515,761,3662,177,987,382,1039,2080,2995,864,2087,3.23,1107,1666,1706,1123,2380,1320,424,858,7493,14,3763,2352,2163,7489,308,1163,791,931,2675,77,11256,280,3,5,93,0,39,6,6263
russellville,78,0,0,0,0,40,232,600,95,950,489,190,271,1015,65,0,13,1188,319,93,388,140,2.8,192,192,228,525,395,536,0,18,174,0,2490,2434,9,2599,38,507,89,49,1000,14,2664,51,0,0,0,0,11,0,
s-federal-blvd-and-w-belleview-ave,978,78,0,6,0,243,210,341,254,1665,97,995,573,1809,144,1400,15,1136,417,125,462,216,1.64,267,555,217,364,141,337,8,150,364,0,2361,2196,20,2508,39,667,177,397,409,7,2725,105,0,0,6,0,13,0,
scenic-heights,299,0,0,0,0,164,343,609,175,1367,449,498,420,1484,117,134,11,1125,662,166,630,354,2.48,252,415,350,619,412,493,10,64,303,31,3117,2904,25,3126,164,706,173,58,1316,0,3420,64,0,3,0,0,32,0,
shadow-mountain,161,9,0,0,0,40,414,785,153,1498,629,369,500,1622,124,0,0,1879,404,61,640,331,2.79,327,425,510,724,686,851,25,49,461,56,3721,3514,13,3933,106,474,185,73,1617,0,4182,190,0,0,3,0,26,0,
sierra-vista,223,10,0,0,0,70,255,451,95,968,212,315,441,1011,43,128,4,882,374,68,504,68,2.51,127,133,297,274,419,425,1,43,112,7,2325,2266,0,2371,15,699,63,89,880,8,2437,35,0,0,5,0,18,0,
skiline-arvada-plaza-and-terrace-park,1916,237,3,32,11,754,1286,1324,969,4970,537,2587,1846,5236,266,2253,103,3272,2012,683,1995,1454,2.19,1143,1721,1566,1940,1420,1217,29,101,2527,268,8608,8310,494,9990,253,1518,610,1059,2966,165,11135,275,3,4,29,0,92,0,
skyland,486,74,0,6,0,230,297,411,175,1388,282,615,491,1492,104,203,0,1374,510,208,376,370,2.26,243,824,417,300,289,471,1305,0,473,0,2663,1253,155,1569,107,456,136,188,1289,43,3136,59,5,0,12,0,36,0,2125
sloans-lake,1495,166,0,20,3,533,765,1078,482,3766,985,1798,983,3925,159,1192,23,3727,961,678,786,1573,2.09,370,1729,1313,1262,936,760,646,150,2205,50,5706,4710,292,6372,401,1088,453,737,2716,126,7911,275,0,0,26,0,97,0,4100
south-commerce-city,1594,2158,38,125,95,2457,2572,1713,4145,6171,221,4419,1531,6658,487,1640,815,1640,4503,4422,1575,5539,3.29,2079,3116,2476,1972,4863,2463,903,55,13250,289,7406,6239,1572,17443,394,2113,1574,1615,4669,269,20656,923,20,0,261,4,71,14,
south-lakewood,6570,883,8,118,22,3103,5024,7517,4096,20782,2900,9752,8130,21392,610,7195,352,15350,9087,2414,8483,3862,2.34,4115,7659,6296,6614,6898,6542,656,1691,10656,592,38128,34565,1111,43350,1384,8223,2437,3151,14139,293,48784,1260,8,28,121,5,307,12,
south-littleton,1049,0,0,7,3,177,506,1218,226,2920,891,1015,1014,3028,108,615,0,3069,871,123,932,295,2.09,335,449,612,929,698,1322,35,126,298,31,5919,5675,108,5881,36,1683,189,265,2102,0,6217,104,0,3,4,0,36,0,
south-marston-lake,1251,68,3,7,0,507,1820,2625,987,5951,2060,1664,2227,6152,201,1082,48,6937,1513,240,2201,574,2.61,1130,1459,1806,2584,2748,2448,127,905,1249,47,14334,13059,211,13926,367,2594,814,669,5064,38,15583,309,0,8,11,0,104,3,
south-park-hill,974,188,0,12,0,390,1099,1272,946,3684,1413,1097,1174,3783,99,601,13,4865,365,355,953,749,2.37,873,1217,1397,1072,1155,1416,768,179,935,65,8349,7179,41,8021,210,1436,718,310,3182,39,9284,247,8,4,14,0,96,0,4080
south-standley-lake,376,12,3,6,0,210,699,792,171,1906,627,535,744,1928,22,74,0,2092,495,73,887,253,2.71,309,316,778,938,1060,840,0,96,446,6,4715,4591,7,5030,22,675,245,79,1854,8,5161,93,0,0,0,0,42,0,
south-westminster,3039,1642,33,150,63,2451,3584,2840,4186,10229,676,6016,3537,10749,520,3581,392,4618,5636,3825,4279,3840,2.73,2831,4964,3628,3452,5015,2802,481,1620,10529,546,17630,14807,1740,22445,1327,3512,1955,2472,7084,304,28159,1438,7,16,212,12,180,9,
southeast-aurora,419,102,3,16,4,478,1811,896,1110,3175,1103,807,1265,3207,32,199,13,3423,1058,268,1621,421,3.27,1122,1843,1902,1064,2555,1061,1235,567,1664,13,9439,7119,286,8134,868,500,1056,299,3003,17,11103,169,18,13,31,0,126,4,
southeast-boulder,3294,165,4,17,5,323,1310,1573,2170,8473,1406,5011,2056,8903,430,5434,53,7174,1073,390,1409,4573,2.07,7763,2705,1863,1455,1462,1336,263,1208,1970,121,17967,15720,423,17185,737,2687,666,3598,3453,19,19937,751,0,6,13,0,72,0,
southeast-broomfield,1372,165,4,19,7,543,1818,1376,1023,4791,973,1768,2050,4855,64,1209,37,4320,1671,500,1658,931,2.52,1036,1552,1990,1945,2343,1380,44,687,1598,22,10656,9714,173,10949,379,1282,726,638,3316,44,12254,278,0,13,26,0,103,0,
southeast-centennial,104,10,0,0,0,18,247,374,180,746,428,151,167,746,0,5,6,1053,178,29,226,34,2.84,138,104,201,421,362,449,18,129,118,15,2004,1789,5,1897,58,311,136,0,741,0,2122,27,0,0,0,0,6,0,
southeast-lafayette-and-rock-creek-farm-park,1310,490,8,30,17,600,1133,1459,1607,4147,523,2554,1070,4296,149,1156,31,3100,1626,685,1113,1328,2.3,1053,1531,1560,1344,1514,953,24,398,2658,104,6887,6178,464,8199,356,1136,454,933,2500,103,9545,283,0,0,58,0,64,6,
southeast-lafayette,1769,189,0,24,0,700,1939,2355,1110,6550,2049,2131,2370,6710,160,1141,91,7934,1438,332,1930,933,2.47,1082,1997,2271,2266,2607,2829,72,946,1398,24,14874,13335,426,14231,573,2271,949,752,5536,19,16272,454,0,9,17,0,155,0,
southmoor-park,1432,66,0,11,0,145,378,613,606,2884,515,1224,1145,3156,272,2342,18,2827,249,51,796,384,1.77,614,1499,762,481,333,525,263,174,149,5,4950,4426,26,4549,82,656,229,770,812,0,5099,114,4,4,6,0,37,0,2380
southwest-broomfield,1061,6,0,8,0,247,208,519,427,2289,251,1023,1015,2537,248,2471,88,1869,390,95,568,366,1.73,831,1616,424,225,222,238,106,263,565,52,3533,3060,142,3455,80,419,123,1045,66,17,4098,76,0,5,9,0,42,0,
southwest-littleton,194,14,0,0,0,59,292,425,154,927,430,227,270,939,12,247,8,1243,187,54,227,73,2.53,104,149,258,353,436,556,26,57,81,0,2264,2172,49,2204,9,395,94,103,692,5,2345,63,0,4,0,0,28,0,
southwest-longmont,694,149,4,14,5,865,1312,781,1023,2972,940,1117,915,3062,90,1301,53,3278,456,204,801,700,2.73,909,794,1423,1124,2002,853,53,650,1007,8,7115,6322,310,7022,79,545,472,732,1761,82,8122,374,0,3,22,0,52,0,
southwest-standley-lake,402,0,0,5,0,114,413,572,90,1468,514,388,566,1468,0,151,49,1480,539,56,709,174,2.56,262,258,424,718,560,671,33,27,351,11,3412,3333,25,3660,7,713,157,10,1317,0,3763,165,0,0,4,0,33,0,
southwest-thornton,2054,2252,38,153,96,3788,4011,2284,5614,9219,394,5820,3005,9911,692,3744,602,3004,5518,4540,3478,5316,3.07,3343,4821,3665,3326,5834,2383,625,490,17118,389,11271,9641,1688,24203,994,2345,2672,2477,5776,565,28389,1077,19,10,304,10,130,25,
speer,4564,106,0,14,3,378,529,834,684,7367,1062,4090,2215,8045,678,6177,119,7321,687,245,1743,1480,1.58,880,4434,2073,1136,530,1322,264,387,1091,21,10606,9632,241,10491,293,1031,291,2188,1868,36,11697,490,3,0,26,0,79,3,8011
standley-hill,298,182,3,14,5,413,858,932,908,2166,815,840,511,2234,68,263,122,2163,821,355,601,1232,2.89,314,569,892,872,1394,967,13,93,2091,25,4166,4056,563,5546,17,640,609,360,1622,0,6257,182,0,4,22,0,21,0,
stapleton,1577,192,0,25,0,1009,3343,1048,964,6390,3233,1315,1842,6582,192,1562,102,9224,1564,851,1611,619,2.65,454,3440,5291,2362,3317,1274,1501,579,2132,134,17368,14121,175,15998,1113,883,2479,717,5020,55,19500,274,15,16,41,0,271,7,20941
sterne-park-and-slaughterhouse-gulch-park,361,21,3,8,0,341,429,506,204,1483,203,766,514,1566,83,398,43,1195,437,212,719,447,2.4,341,699,433,468,473,599,44,8,518,0,3041,2870,33,3325,149,364,182,278,1168,63,3559,94,0,0,9,0,37,0,
sullivan,3644,1071,11,79,46,2035,3017,1981,6677,9668,1056,5801,2811,10210,542,7610,645,8011,2514,849,3091,4577,2.32,2656,5457,3199,2367,3492,1702,6291,1962,3570,14,18999,10068,1442,12042,818,1740,1956,3526,2566,406,22569,776,123,26,91,6,144,16,
summer-valley-park,1281,384,14,61,17,1597,2630,2378,1908,6723,831,3024,2868,7049,326,1063,70,5147,3198,723,3346,1558,2.85,1984,3166,2950,2950,3871,2207,1952,1096,3895,56,15301,11103,1559,13052,1481,1141,927,1225,5967,78,19196,928,34,13,79,4,168,18,
sun-valley,122,184,4,11,8,518,275,39,345,442,0,442,0,473,31,265,90,43,124,250,97,1137,3.21,189,193,90,68,432,63,484,75,624,6,824,258,133,750,0,100,313,220,191,171,1448,93,16,0,9,0,8,0,4473
sunnyside,1242,570,8,33,28,1139,1148,1255,1140,4092,548,2341,1203,4266,174,892,54,2927,1669,1584,1123,1883,2.39,553,2330,1867,964,1431,1064,267,159,4737,466,5160,4507,1050,7746,209,1078,610,783,3363,288,9897,259,11,6,76,4,110,4,6726
todd-creek-and-east-thornton,1939,726,14,79,10,1984,6303,5107,3519,14053,3854,3714,6485,14285,232,616,239,12536,6837,1796,7065,1467,3.05,2947,5704,7811,6274,8656,4789,536,2422,8557,348,34555,30571,727,37843,1236,3656,3275,603,13642,64,43112,1087,9,43,117,4,373,7,
twin-lakes-berkely-and-west-north-washington,2415,2344,26,114,78,2168,3002,2470,5210,8837,914,5302,2621,9337,500,2367,624,4025,4830,4263,3647,4372,2.89,3021,4260,3820,3271,4316,2750,342,1145,13946,545,11746,9908,1950,20843,867,2664,1590,1692,6302,310,25692,1037,10,21,242,0,127,20,
union-station,2190,222,0,4,0,70,99,681,472,3596,1288,1414,894,4323,727,4083,46,3440,477,313,549,972,1.46,279,1806,592,917,124,884,74,320,463,9,4801,4351,18,4758,85,580,82,932,240,15,5264,199,0,4,3,0,26,0,11273
university,1662,114,0,4,0,238,740,632,937,3615,733,2017,865,3821,206,1314,14,3990,505,117,611,1254,2.04,3228,2368,917,828,650,658,258,709,688,35,8820,7622,52,8139,315,452,407,1075,2507,0,9508,399,4,3,4,0,79,0,4279
university-hillsboulder-county,660,21,0,0,0,0,135,176,314,1935,184,1502,249,2170,235,1233,30,846,151,0,110,3266,2.63,4500,271,211,259,108,183,146,114,638,0,5164,4802,74,5251,217,183,87,1267,937,0,5802,217,0,0,0,0,6,0,
university-hillsdenver-county,964,66,0,7,0,337,631,775,293,2700,563,1177,960,2813,113,436,34,2643,704,156,1042,357,2.09,233,1050,928,794,539,757,353,116,612,34,5094,4420,17,4902,284,1016,389,530,2377,22,5706,131,0,3,12,0,58,0,4276
university-park,1539,57,0,3,0,204,682,838,1079,3625,902,1893,830,4059,434,2177,28,3746,424,128,820,1337,2.07,1536,1389,1122,895,838,894,121,670,528,37,7207,6209,160,6534,213,818,243,990,1882,50,7735,223,0,7,7,0,52,0,3489
utah-park,6855,2954,25,205,101,4136,5947,6882,10761,21543,2058,11767,7718,22787,1244,9554,805,15715,9811,3211,9246,5886,2.48,4937,8652,7719,7074,7965,6998,10281,3344,11323,144,42523,26581,4289,32480,3308,7540,2961,4752,13112,482,53846,2138,216,51,259,10,269,51,
valverde,328,675,5,18,13,631,587,295,1578,1224,29,1015,180,1312,88,234,86,422,783,1015,263,1051,3.31,288,562,611,521,935,473,142,243,3268,14,779,385,109,3520,19,316,341,384,1067,52,4047,79,0,0,40,0,13,0,3643
van-aredale-and-harvest,188,60,0,0,0,85,430,743,156,1471,497,422,552,1471,0,22,0,1448,703,106,726,117,2.8,270,268,525,889,716,615,34,198,241,0,3875,3563,23,3789,72,686,147,51,1449,0,4116,66,0,0,0,0,21,0,
villa-park,849,1372,14,32,39,1180,1229,604,2760,2944,186,2201,557,3165,221,1000,345,1086,1657,2063,921,2555,3.16,888,1694,1298,1181,1818,830,315,69,6727,116,2587,2207,1370,7272,172,724,881,967,2165,248,9314,350,0,0,100,5,31,3,7042
virginia-village,2337,615,6,27,9,748,1370,1642,2176,6284,833,3726,1725,6677,393,3183,264,5522,1834,774,2127,2207,2.23,1358,3073,1967,1806,1687,1682,865,450,2576,63,11714,9950,751,11618,543,1729,988,1563,3494,121,14290,530,15,8,32,0,133,0,5699
walnut-grove-westbrook-countryside-and-crownpoint,835,52,0,15,4,558,1349,1231,503,3608,872,1098,1638,3678,70,27,0,3358,1280,238,1844,294,2.75,822,1584,1481,1651,1703,1230,74,275,1111,196,8814,8032,122,8916,342,774,680,303,3629,11,9925,287,0,0,22,0,107,0,
washington-park,1109,21,0,3,0,166,837,1164,464,3373,1527,880,966,3633,260,834,8,4789,342,92,679,460,2.18,161,1213,1327,939,780,1154,51,270,445,0,6918,6499,42,6852,148,1269,520,269,2789,37,7363,136,0,8,0,0,73,0,3295
washington-park-west,1288,12,0,5,0,237,596,905,315,3640,1309,1049,1282,3748,108,809,44,4982,432,102,780,475,2.08,323,2369,1532,896,461,778,95,152,595,8,6981,6544,73,6943,305,721,496,422,2921,57,7576,142,0,0,8,0,97,0,4689
washington-virginia-vale,2864,908,6,23,13,1166,1528,1563,2572,6662,722,4159,1781,7134,472,4611,205,5448,1623,990,2255,2569,2.07,1169,3168,1919,1696,1508,1445,2357,840,2433,380,11520,7685,828,8652,896,2088,960,2378,2523,286,13953,702,29,9,35,3,101,3,7329
wayside-meadows-park,2407,34,0,25,7,631,2308,2860,647,8047,2036,2637,3374,8314,267,1624,71,7103,2825,530,3667,942,2.45,1355,2511,2875,3019,3245,3301,355,166,1858,60,17915,16884,157,18433,602,2419,1048,437,6690,32,19773,518,4,7,37,3,169,0,
welby-and-east-north-washington,904,1030,13,63,47,1821,2006,994,2984,4317,192,2812,1313,4567,250,1139,294,1279,2875,1779,1757,2239,3.13,1574,2035,1755,1487,2573,1279,187,111,8231,339,5277,4638,744,11387,740,1134,1671,794,2616,160,13508,456,10,4,126,4,68,7,
wellshire,355,16,0,0,0,154,467,505,173,1404,624,395,385,1444,40,0,12,2014,139,46,319,123,2.42,105,297,476,425,543,554,25,58,188,0,3229,3013,7,3180,147,766,251,68,1444,0,3417,46,0,0,3,0,21,0,644
west-boulder-including-ward-and-jamestown,1039,53,0,11,0,510,1621,2316,895,5488,2684,1386,1418,6087,599,697,8,7623,867,116,1596,710,2.45,830,1335,1600,2491,1957,2465,107,238,328,69,13392,12832,37,13051,218,2311,731,335,5320,34,13720,200,0,4,8,0,80,0,
west-brighton,1022,1348,12,44,20,1264,1681,1206,2920,4045,325,2694,1026,4172,127,1184,228,1528,3121,2418,1807,2078,3,1423,2637,1915,1746,2489,1326,311,469,7937,141,5698,4805,1124,11099,491,1250,849,1002,2887,244,13635,391,0,0,102,0,67,3,
west-centennial,4582,233,3,36,5,2299,7314,9219,3742,22185,7623,6067,8495,22703,518,2597,102,27800,5062,657,7988,2417,2.6,3411,6307,7125,8382,9868,9042,686,1858,3583,315,54565,50598,910,53107,1272,10651,3362,1509,20078,155,58148,1448,8,19,49,0,430,8,
west-colfax,1579,831,12,45,24,1069,925,749,1856,3769,266,2805,698,4244,475,2556,214,1783,1446,1656,1221,3388,2.37,1061,1801,1199,975,1118,994,803,213,4348,325,4731,3439,594,6850,294,1137,794,1715,1688,266,9079,451,22,0,86,6,65,6,10161
west-erie,402,27,0,10,0,396,1841,1554,947,3933,1787,525,1621,4037,104,14,46,5547,816,124,1269,502,3.01,740,881,2016,2075,2345,1578,115,455,622,0,11225,10431,112,10947,218,1206,1006,111,4023,53,11847,148,0,15,15,0,94,0,
west-greenwood-village,936,125,0,16,4,399,899,1480,892,3523,1421,957,1145,3796,273,1506,29,4453,694,140,795,369,2.43,605,1141,1090,1257,1540,1287,82,651,725,8,7846,6976,136,7572,122,1307,344,478,2290,14,8571,233,4,4,15,0,50,0,
west-highland,1780,43,0,13,3,558,859,926,499,4331,1502,1633,1196,4584,253,1189,23,5100,812,349,1287,1012,2.12,310,2527,1843,1244,947,879,470,152,1507,38,7843,7266,27,8487,176,1055,545,616,3382,82,9350,288,0,3,11,0,133,0,4888
west-niwot,526,0,0,3,0,424,766,778,531,2100,886,751,463,2180,80,362,0,3049,296,15,447,533,2.79,514,267,354,1312,1413,1107,22,160,558,0,5308,5013,0,5571,113,767,132,94,1803,21,5866,76,0,0,0,0,33,0,
west-northglenn,459,145,3,16,5,413,430,634,499,1573,276,747,550,1630,57,475,0,996,725,358,709,699,2.48,325,627,384,401,472,504,31,253,1086,13,2814,2432,78,3414,111,872,315,286,1155,75,3900,203,4,4,14,0,29,0,
west-pike-national-forest,207,0,0,0,0,56,392,912,141,1568,676,408,484,2037,469,19,31,1774,467,107,778,81,2.56,125,300,443,836,679,849,23,59,140,87,3884,3668,50,3730,75,698,94,66,2018,0,4024,70,0,0,0,0,25,0,
west-roxborough-park,170,34,3,7,0,82,911,1288,330,2382,1004,342,1036,2466,84,18,0,3247,530,96,767,17,2.85,464,624,1094,1109,1132,1039,130,103,464,38,6319,5928,71,6321,120,774,547,34,2432,0,6783,132,0,4,10,0,53,0,
westminster-center-park,689,214,5,25,5,332,851,1070,620,2899,382,1216,1301,2981,82,665,26,2153,1253,598,1448,675,2.69,645,1298,1086,1017,1199,994,111,326,2117,102,5675,4999,166,6842,245,1057,496,440,2296,21,7792,287,0,5,34,0,55,0,
westwood,879,2497,23,70,68,2192,2507,1002,5319,4718,150,3585,983,4984,266,1297,694,1109,2863,3668,1600,5901,3.58,1577,2916,2557,1362,4377,1395,507,633,13384,317,3534,1982,1396,13587,478,1010,1724,1634,3529,474,16918,173,16,8,196,5,31,12,12985
westwoods-park,252,74,0,3,0,108,701,810,281,1851,979,219,653,1884,33,91,11,2375,443,86,649,64,2.87,314,407,794,836,1174,762,11,179,441,89,4879,4610,76,4835,130,754,279,6,1793,6,5320,109,0,4,4,0,24,0,
whisper-creek,372,51,0,8,0,258,856,638,416,1984,901,497,586,2087,103,505,0,2487,468,60,529,230,2.7,288,763,811,824,1086,589,78,446,421,25,5041,4340,63,4621,229,557,544,214,1582,7,5462,57,0,6,8,0,71,4,
whittierboulder-county,2028,138,0,10,0,70,177,664,701,4891,629,3321,941,5481,590,4422,72,3455,274,155,967,4234,2,4805,2365,684,499,243,717,276,337,1010,0,9012,8076,503,8474,432,586,123,2458,1048,27,10022,501,0,0,6,0,38,0,
whittierdenver-county,617,133,4,19,3,607,675,475,466,2180,472,919,789,2225,45,577,194,2301,507,494,779,1146,2.72,458,1831,1133,345,1050,399,1060,0,1514,24,4474,3292,176,4426,302,373,399,375,1648,83,5988,123,18,3,17,0,65,0,3189
willow-creek-park,526,32,0,4,0,284,578,584,570,1817,399,764,654,1903,86,578,42,2001,355,87,624,263,2.39,261,600,531,781,740,640,58,335,450,11,3919,3419,45,3823,97,515,301,305,1303,18,4369,127,0,5,4,0,30,0,
windsor,4400,955,4,44,25,904,1007,1638,3530,7704,359,5469,1876,8563,859,7529,344,4747,2846,1179,2224,2282,1.77,846,2317,1739,1368,1065,2021,2795,714,2921,86,10760,6988,846,8838,402,3551,774,2051,1019,163,13681,243,56,11,47,0,63,7,3811
wonderland-boulder-meadows-and-catalpa-park,1623,263,4,18,14,687,1396,1423,1362,5092,1729,1959,1404,5265,173,1419,163,6478,682,463,851,1181,2.34,793,1493,1911,1648,2154,1748,69,328,1859,26,10122,9498,242,10989,327,1674,560,636,3233,44,11981,169,0,7,44,0,66,0,
wyco-park-northeast-northglenn,293,128,4,21,8,411,852,803,566,2114,231,846,1037,2152,38,20,70,1139,1579,632,989,746,3.31,844,829,956,790,1503,840,66,63,2691,30,4311,4074,578,5991,274,924,316,167,2132,30,7002,357,0,3,33,0,37,0,
wyndam-park,390,0,0,3,0,85,474,552,129,1484,592,371,521,1587,103,157,6,1725,306,127,540,200,2.51,150,190,432,606,701,809,17,62,223,141,3549,3320,24,3422,106,661,223,44,1427,15,3772,79,0,0,0,0,30,0,
yankee-doodle-park-ralston-vally-and-apex,548,17,0,5,0,363,664,1073,248,2401,595,801,1005,2438,37,254,16,2071,1089,205,1124,139,2.61,491,696,695,977,1109,986,42,74,405,31,6004,5754,94,6052,116,1135,320,301,2184,12,6409,126,0,0,6,0,54,0,